File,Caption,Category
6882a2b1783b9-IMG-20250716-WA0067.jpg,,Tournament
6882a2b178306-IMG-20250716-WA0069.jpg,,Tournament
6882a2b178165-IMG-20250716-WA0068.jpg,,Tournament
6882a2b1780a3-IMG-20250716-WA0070.jpg,,Tournament
6882a2b177f94-IMG-20250716-WA0071.jpg,,Tournament
6882a2b177ebf-IMG-20250716-WA0072.jpg,,Tournament
6882a2b177df6-IMG-20250716-WA0074.jpg,,Tournament
6882a2b177d44-IMG-20250716-WA0075.jpg,,Tournament
6882a2b177c4e-IMG-20250716-WA0079.jpg,,Tournament
6882a2b177b7f-IMG-20250716-WA0073.jpg,,Tournament
6882a2b1779c7-IMG-20250716-WA0076.jpg,,Tournament
6882a2b177884-IMG-20250716-WA0078.jpg,,Tournament
6882a2b17772d-IMG-20250716-WA0077.jpg,,Tournament
